MONTANT HT;MONTANT TTC;ARTISTE RATE;ITERIO;PAYS;TVA intra;ADRESSE;ACTIVITE;PERIODE;ARTISTE;ŒUVRE;DEMANDE Date;DEMANDE N°;Facturation Date;Envoi Facture;PAIEMENT Date;REMARQUES;MAIL;CHORUS SIRET;CHORUS BON DE COMMANDE
;75;50%;IMAGINE SCIENCE FILMS;;;19 Morris Ave, New Lab Building 128, Brooklyn, NY, 11205 United States;ddiff;mai;Julia Borderie;Aequo+Bleu silico;17/04/2024;;;;;;ringo@labocine.com;;
;75;50%;IMAGINE SCIENCE FILMS;;;19 Morris Ave, New Lab Building 128, Brooklyn, NY, 11205 United States;ddiff;mai;Eloise Le Gallo;Aequo+Bleu silico;17/04/2024;;;;;;ringo@labocine.com;;
;75;50%;IMAGINE SCIENCE FILMS;;;19 Morris Ave, New Lab Building 128, Brooklyn, NY, 11205 United States;ddiff;mai;Lina LARAKI;Shinigami;26/04/2024;;;;;;ringo@labocine.com;;
;75;50%;IMAGINE SCIENCE FILMS;;;19 Morris Ave, New Lab Building 128, Brooklyn, NY, 11205 United States;ddiff;mai;Charline DALLY;Dickinsonia;26/04/2024;;;;;;ringo@labocine.com;;
;30;100%;Mairie du Vigan;;;Place Quatrefages de Laroquète, 30120 LE VIGAN;ddiff;07/03/2024;Randa Maroufi ;La Grande Safae;28/05/2024;;;;;régularisation facture 7998 montant erroné;"elsa.lewin@levigan.fr ; Veroho.compagnieamarante@gmail.com";;
;30;100%;Jiazazhi Press;;;Building F, Demo Terra, No. 2572 Huancheng Nanlu Dongduan, Yinzhou District, Ningbo, Zhejiang, Chine;ddiff;22-24/3;Judith Auffray;7h15 merle noir;23/05/2024;;;;;;jiazazhi@gmail.com;;
;184.34;100%;CaFA-THIRD HORIZON, INC;USA;;937 NW 3rd Ave, Miami, FL 33136;ddiff;9au12/4;Aliha THALIEN;Nos îles;22/05/2024;;;;;200$;CAFA-TH Accountant <accounting@thirdhorizon.net>;;
;30;100%;Maison des associations;;;6 cours des alliés, 35000 Rennes;ddiff;17/05/2024;Aliha THALIEN;Nos îles;22/05/2024;;;;;;L'Œil d'Oodaaq <projet.oodaaq@gmail.com>;;
;138.29;100%;Museum of Modern Art;;;11 West 53rd Street, New York, NY 10019, USA;ddiff;6+7/avril;Aliha THALIEN;Nos îles;22/05/2024;;;;;150$;Priedite, Olivia <olivia_priedite@moma.org>;;
250;;50%;FAITES DES COURTS, FÊTE DES FILMS;;;12  rue Vivienne - lot 3 -  75002 Paris;ddiff;20-26/3;Moise Togo;75000$;13/05/2024;;;;;;Alexy Grzelak <secretariat@lafeteducourt.com>;;
;66.13;50%;NIFFF – Neuchâtel International Fantastic Film Festival ;Suisse;;Rue du Château 12, 2000 Neuchâtel;ddiff;mai;Sarah-Anais DESBENOIT;Phalène;03/05/2024;;;;;60chf;Alice Moroni <alice.moroni@nifff.ch>;;
;71.61;50%;VAIVÉN SAS;;;NIT 901176496, CRA 29 39 97 BOGOTÁ 111311 COLOMBIA;ddiff;24-27/5;Laura Huertas Millan;Voyage en la terre autrement dite;03/05/2024;;;;;300.000 cop;Daniel Zorrilla <daniel@vaiven.co>, facturacion.vaiven@gmail.com, paula@vaiven.co;;
;75;100%;Zürcher Hochschule der Künste, Departement Film;Suisse;;Pfingstweidstrasse 96, 8005 Zürich;ddiff;24/04/2024;Judith Auffray;Les hommes de la nuit;13/05/2024;;;;;Screening Fee short films – Methodik: We need to talk about short films (Zürcher Hochschule der Künste);Karrer Michael <michael.karrer@zhdk.ch>;;
;198;100%;ACCADEMIA TEDESCA ROMA VILLA MASSIMO;PAYS;DE220436340;LARGO DI VILLA MASSIMO 1-2, 00161 ROMA;ddiff;13/2+25/3;Melisa LIEBENTHAL;Aqui y alla;13/05/2024;;;;;;"Iacovino@villamassimo.de; colucci@villamassimo.de";;
;3619.57;0%;MUBI, Inc.;;;215 Park Avenue South FL 12, Suite #12, New York, NY 10003, United States;Q1 (royalties 2024);;;;13/05/2024;;;;;;finance@mubi.com;;
;323,64;50%;MUBI, Inc.;USA;;215 Park Avenue South FL 12, Suite #12, New York, NY 10003, United States;Q1 (royalties 2024);;Meryll Hardt ;Une vie radieuse ;13/05/2024;;;;;;finance@mubi.com;;
;96,53;50%;MUBI, Inc.;USA;;215 Park Avenue South FL 12, Suite #12, New York, NY 10003, United States;Q1 (royalties 2024);;Mickael Kummer;Aditi Singh;13/05/2024;;;;;;finance@mubi.com;;
;17,42;50%;MUBI, Inc.;USA;;215 Park Avenue South FL 12, Suite #12, New York, NY 10003, United States;Q1 (royalties 2024);;Zhi Wei Jow;Au-delà de l'hiver ;13/05/2024;;;;;;finance@mubi.com;;
;1 245,24;50%;MUBI, Inc.;USA;;215 Park Avenue South FL 12, Suite #12, New York, NY 10003, United States;Q1 (royalties 2024);;Mati Diop ;Atlantiques ;13/05/2024;;;;;;finance@mubi.com;;
;44,63;50%;MUBI, Inc.;USA;;215 Park Avenue South FL 12, Suite #12, New York, NY 10003, United States;Q1 (royalties 2024);;Ico Costa ;Quatro horas descalço;13/05/2024;;;;;;finance@mubi.com;;
;4,45;50%;MUBI, Inc.;USA;;215 Park Avenue South FL 12, Suite #12, New York, NY 10003, United States;Q1 (royalties 2024);;Jean-Christophe Couet ;Les Déplacements internes ;13/05/2024;;;;;;finance@mubi.com;;
;62,77;50%;MUBI, Inc.;USA;;215 Park Avenue South FL 12, Suite #12, New York, NY 10003, United States;Q1 (royalties 2024);;Isabel Pagliai;Isabella Morra;13/05/2024;;;;;;finance@mubi.com;;
;10,04;50%;MUBI, Inc.;USA;;215 Park Avenue South FL 12, Suite #12, New York, NY 10003, United States;Q1 (royalties 2024);;Alice Colomer-Kang;J.M Mondésir ;13/05/2024;;;;;;finance@mubi.com;;
;44,72;50%;MUBI, Inc.;USA;;215 Park Avenue South FL 12, Suite #12, New York, NY 10003, United States;Q1 (royalties 2024);;Dania Reymond ;Jeanne ;13/05/2024;;;;;;finance@mubi.com;;
;250,95;50%;MUBI, Inc.;USA;;215 Park Avenue South FL 12, Suite #12, New York, NY 10003, United States;Q1 (royalties 2024);;Pierre Mazingarbe ;Le roi des belges ;13/05/2024;;;;;;finance@mubi.com;;
;4,66;50%;MUBI, Inc.;USA;;215 Park Avenue South FL 12, Suite #12, New York, NY 10003, United States;Q1 (royalties 2024);;Hu Wei ;Le propriétaire ;13/05/2024;;;;;;finance@mubi.com;;
;206,74;50%;MUBI, Inc.;USA;;215 Park Avenue South FL 12, Suite #12, New York, NY 10003, United States;Q1 (royalties 2024);;Luc Moullet;Toujours moins ;13/05/2024;;;;;;finance@mubi.com;;
;7,38;50%;MUBI, Inc.;USA;;215 Park Avenue South FL 12, Suite #12, New York, NY 10003, United States;Q1 (royalties 2024);;Louis Henderson ;Logical revolts;13/05/2024;;;;;;finance@mubi.com;;
;103,08;50%;MUBI, Inc.;USA;;215 Park Avenue South FL 12, Suite #12, New York, NY 10003, United States;Q1 (royalties 2024);;Tessa Joosse ;Plastic and Glass ;13/05/2024;;;;;;finance@mubi.com;;
;149,5;50%;MUBI, Inc.;USA;;215 Park Avenue South FL 12, Suite #12, New York, NY 10003, United States;Q1 (royalties 2024);;Isabella Prim ;La rouge et la noire ;13/05/2024;;;;;;finance@mubi.com;;
;57,13;50%;MUBI, Inc.;USA;;215 Park Avenue South FL 12, Suite #12, New York, NY 10003, United States;Q1 (royalties 2024);;Eduardo Williams ;Que je tombe tout le temps ? ;13/05/2024;;;;;;finance@mubi.com;;
;54,27;50%;MUBI, Inc.;USA;;215 Park Avenue South FL 12, Suite #12, New York, NY 10003, United States;Q1 (royalties 2024);;Tatiana Fuentes Sadowski ;La huella ;13/05/2024;;;;;;finance@mubi.com;;
;181,61;50%;MUBI, Inc.;USA;;215 Park Avenue South FL 12, Suite #12, New York, NY 10003, United States;Q1 (royalties 2024);;Anna Marziano ;De la mutabilité de toute chose et de la possibilité d'en changer certaines ;13/05/2024;;;;;;finance@mubi.com;;
;95,58;50%;MUBI, Inc.;USA;;215 Park Avenue South FL 12, Suite #12, New York, NY 10003, United States;Q1 (royalties 2024);;Randa Maroufi ;Le Park ;13/05/2024;;;;;;finance@mubi.com;;
;439,97;50%;MUBI, Inc.;USA;;215 Park Avenue South FL 12, Suite #12, New York, NY 10003, United States;Q1 (royalties 2024);;Tsai Ming-liang;Tian qiao bu jian le ;13/05/2024;;;;;;finance@mubi.com;;
;89,54;50%;MUBI, Inc.;USA;;215 Park Avenue South FL 12, Suite #12, New York, NY 10003, United States;Q1 (royalties 2024);;Alexandru Petru Bădeliţă;Voyager sur une jambe ;13/05/2024;;;;;;finance@mubi.com;;
;18,56;50%;MUBI, Inc.;USA;;215 Park Avenue South FL 12, Suite #12, New York, NY 10003, United States;Q1 (royalties 2024);;Mihai Grecu ;Unlith ;13/05/2024;;;;;;finance@mubi.com;;
;32,53;50%;MUBI, Inc.;USA;;215 Park Avenue South FL 12, Suite #12, New York, NY 10003, United States;Q1 (royalties 2024);;Clément Cogitore ;Visités ;13/05/2024;;;;;;finance@mubi.com;;
;78,59;50%;MUBI, Inc.;USA;;215 Park Avenue South FL 12, Suite #12, New York, NY 10003, United States;Q1 (royalties 2024);;Ivan Castineiras-Gallego ;Où est la jungle ? ;13/05/2024;;;;;;finance@mubi.com;;
;29.76;50%;Fonden de Københavnske Filmfestivaler;Danemark;31 285 569;Flæsketorvet 60, 3., 1711 København V;royalties 22-31/03/2024;;Alisa Berger;Invisible People;22/05/2024;;;;;;invoice@cphfilmfestivals.dk;;
;55.78;;Kurzfilm Agentur Hamburg e.V.;Allemagne;DE153047230;Bodenstedtstraße 16, D-22765 Hamburg;royalties 2023;;Hayoun Kwon;Manque de preuves;23/05/2024;;;;;;KurzFilmVerleih <verleih@shortfilm.com>;;
;231.51;100%;MoreThan Films;Espagne;ES39386243P;Cal Biel 18, 08692 Puig-reig ;royalties 15/7/22-1/5/24;;Ana Elena Tejera;A love song in spanish;22/05/2024;;;;;;Queralt Pons Serra <queralt@morethan-films.com>;;
;70;50%;VIENNA SHORTS – Internationales Kurzfilmfestival Wien;;551 380 685,00;Independent Cinema – Verein zur Förderung unabhängigen Filmschaffens, Museumsplatz 1/5/2, 1070 Vienna, Austria ;;28/5-28/8;Yuyan WANG;One Thousand and One Attempts to Be an Ocean ;22/05/2024;;;;;;sigrid.hadenius-ebner@viennashorts.com;;
;550;50%;Amiens Métropole Le Safran;;;3 rue Georges Guynemer, 80080 Amiens;ddiff;19-23/3;Ethel LILIENFELD;Invisible Filter;15/02/2024;8002;22/03/2024;22/03/2024;;;chorus pro,  @ bon commande25/3;2,48001E+13;Service : 891 Engagement : 403583
;600;0%;Amiens Métropole Le Safran;;;3 rue Georges Guynemer, 80080 Amiens;forfait matériels;19-23/3;Ethel LILIENFELD;Invisible Filter;15/02/2024;8002;22/03/2024;22/03/2024;;;chorus pro,  @ bon commande25/3;2,48001E+13;Service : 891 Engagement : 403583
;550;50%;Amiens Métropole Le Safran;;;3 rue Georges Guynemer, 80080 Amiens;ddiff;19-23/3;Léa COLLET;Digitalis;07/03/2024;8002;22/03/2024;22/03/2024;;;chorus pro,  @ bon commande25/3;2,48001E+13;Service : 891 Engagement : 403582 
;750;100%;Amiens Métropole Le Safran;;;3 rue Georges Guynemer, 80080 Amiens;forfait montage;19-23/3;Léa COLLET;Digitalis;07/03/2024;8002;22/03/2024;22/03/2024;;;chorus pro,  @ bon commande25/3;2,48001E+13;Service : 891 Engagement : 403582 
;50;100%;Amiens Métropole Le Safran;;;3 rue Georges Guynemer, 80080 Amiens;forfait entretien/maintenance;19-23/3;Léa COLLET;Digitalis;07/03/2024;8002;22/03/2024;22/03/2024;;;chorus pro,  @ bon commande25/3;2,48001E+13;Service : 891 Engagement : 403582 
;28,08;100%;Amiens Métropole Le Safran;;;3 rue Georges Guynemer, 80080 Amiens;refacturation frais de route;;Léa COLLET;Digitalis;07/03/2024;8002;22/03/2024;22/03/2024;;;chorus pro,  @ bon commande25/3;2,48001E+13;Service : 891 Engagement : 403582 
;942,2;0%;Amiens Métropole Le Safran;;;3 rue Georges Guynemer, 80080 Amiens;forfait matériels;;Léa COLLET;Digitalis;07/03/2024;8002;22/03/2024;22/03/2024;;;chorus pro,  @ bon commande25/3;2,48001E+13;Service : 891 Engagement : 403582 
;;0%;Amiens Métropole Le Safran;;;3 rue Georges Guynemer, 80080 Amiens;refacturation sébastien cabour 17/3 (380€ttc);;Léa COLLET;Digitalis;07/03/2024;8002;22/03/2024;22/03/2024;;;chorus pro,  @ bon commande25/3;2,48001E+13;Service : 891 Engagement : 403582 
;799.54;100%;Video Data Bank, School of the Art Institute of Chicago;;;112 S. Michigan Ave., Chicago, IL 60603, USA;royalties;2017, 19, 21, 22, 24;Louis Henderson ;Logical Revolts;23/05/2024;;;;;1237$-30%=865,9$;Orders VDB <orders@vdb.org>;;
;88.87;100%;Video Data Bank, School of the Art Institute of Chicago;;;112 S. Michigan Ave., Chicago, IL 60603, USA;royalties;16/07/1905;Laura Huertas Millan;Aequador;23/05/2024;;;;;137,5$-30%=96,25$;Orders VDB <orders@vdb.org>;;
;88.87;100%;Video Data Bank, School of the Art Institute of Chicago;;;112 S. Michigan Ave., Chicago, IL 60603, USA;royalties;16/07/1905;Laura Huertas Millan;Voyage en la terre autrement dite;23/05/2024;;;;;137,5$-30%=96,25$;Orders VDB <orders@vdb.org>;;
;73;0%;Centre hospitalier de Saint Denis, 2 rue du Docteur Delafontaine 93200 Saint Denis;;;2 rue du Docteur Delafontaine 93200 Saint Denis;refacturation train;10/11/2023;Justine Pluvinage;Cuisine américaine;05/03/2024;7991;22/03/2024;22/03/2024;;à rbser sur DSEER;lena.tommasini@ch-stdenis.fr;2,69301E+13;ECO_LSCP
;200;100%;Centre hospitalier de Saint Denis, 2 rue du Docteur Delafontaine 93200 Saint Denis;;;2 rue du Docteur Delafontaine 93200 Saint Denis;intervention;10/11/2023;Justine Pluvinage;Cuisine américaine;05/03/2024;7991;22/03/2024;22/03/2024;;;lena.tommasini@ch-stdenis.fr;2,69301E+13;ECO_LSCP
;100;50%;Centre hospitalier de Saint Denis, 2 rue du Docteur Delafontaine 93200 Saint Denis;;;2 rue du Docteur Delafontaine 93200 Saint Denis;ddiff;10/11/2023;Justine Pluvinage;Cuisine américaine;05/03/2024;7991;22/03/2024;22/03/2024;;;lena.tommasini@ch-stdenis.fr;2,69301E+13;ECO_LSCP
14 800,00;;50%;ARTE France, Unité de programmes cinéma;;;8 rue Marceau, 92130 Issy les Moulineaux;achat TV ;6/24-12/25;Coraline Zorea;La méthode;27/05/2024;;;;;;;;
;1425.25;50%;;;;;ddiff;6/24-6/26;Janaina Wagner;Curupira e a máquina do destino;27/05/2024;;;;;8000reais;;;
;432,89;100%;;;;;ddiff;6/24-6/26;Janaina Wagner;Curupira e a máquina do destino;27/05/2024;;;;;470$;natalia@tamandua.org.br;;
;50;100%;VIENNA SHORTS – Internationales Kurzfilmfestival Wien;;;;;29/05/2024;Julian GARCIA LONG;La desesperación de los monos;23/05/2024;;;;;relance 22/5 pour précision;;;
;99;50%;;;;;ddiff;27/02/2024;Elina KASTLER;Achewiq, le chant des femmes-courage;01/03/2024;;;;;100£, relance 22/5;IHRR-ADMIN <ihrr.admin@durham.ac.uk>;;
;5 000,00;50%;Cindy Coutant;;;;vente 1/? (FRAC);année 2021;Cindy COUTANT;Nina et les robots;;;;;;relance 27/5 paiement effectif;;;
;;50%;Diversion cinema;France ;;1 rue des Rigoles, 75020 Paris;royalties 3/2023-3/2024;;Faye FORMISANO;They dream in my bones;;;;;;relance 22/5 pour correction;Maddalena // Diversion cinema <maddalena@diversioncinema.com>;;
;8 000,00;50%;;;;;vente 1/?;;Alice Brygo;Le mal des ardents;;;;;;;;;
;9 000,00;;FRAC Champagne-Ardenne;;;;vente 4/5;;Younes Ben Slimane;Nous le savions qu'elles étaient belles les îles;;;;;;info le 28/5;;;
;93.83;100%;Sine Screen ;;;1303 Loder House, 2 Anderson Rd, London, SE3 9GX;ddiff;23-27/7;Pang-chuan Huang;Retour;23/05/2024;;;;;80£;Hester Yang <hesteryangishere@gmail.com>;;
;101.85;50%;Coopérative de solidarité Tënk Canada;;;3995 Berri, Montréal, Canada, H2L 4H2;ddiff;7/6-7/8;Elina KASTLER;Achewiq, le chant des femmes-courage;28/05/2024;;;;;150CAD$;Emmanuel Bernier <info@tenk.ca>;;
;116.2;100%;Tate Modern;;;Tate ModBankside, SE1 9TG London, UK;ddiff;05/06/2024;Moise Togo;Gwacoulou;13/05/2024;;;;;100£;Beatriz Garcia-Velasco <Beatriz.Garcia-Velasco@tate.org.uk>;;
;116.2;100%;Tate Modern;;;Tate ModBankside, SE1 9TG London, UK;ddiff;05/06/2024;Shirley Bruno;An excavation of us;13/05/2024;;;;;100£;Beatriz Garcia-Velasco <Beatriz.Garcia-Velasco@tate.org.uk>;;
;500;100%;Academie DKO vzw;Belgique;BE 0456 758 746;Katelijnestraat 86, 8000 Brugge;forfait montage/démontage;15/6-31/7;Lucas LEFFLER;Analog Collapse;13/05/2024;;;;;;Ilse Carbonez <i.carbonez@academiebruggedko.be>;;
;550;100%;Academie DKO vzw;Belgique;BE 0456 758 746;Katelijnestraat 86, 8000 Brugge;ddiff;15/6-31/7;Lucas LEFFLER;Analog Collapse;13/05/2024;;;;;;Ilse Carbonez <i.carbonez@academiebruggedko.be>;;
500;;100%;KIKK;Belgique;BE 0839 124 333;Rue de l'Evêché 10, 5000 Namur;ddiff;21/6/24-26/1/25;Stéphanie Roland;Le cercle vide ;11/03/2024;;;;;;Pauline Lefeuvre <pauline@kikk.be>;;
900;;100%;KIKK;Belgique;BE 0839 124 333;Rue de l'Evêché 10, 5000 Namur;forfait montage/démontage;21/6/24-26/1/25;Stéphanie Roland;Le cercle vide ;11/03/2024;;;;;;Pauline Lefeuvre <pauline@kikk.be>;;
;80;50%;Den Danske Filmskole, Att.: Jeppe Kondrup Adelborg;Danemark;DK-16967793;Theodor Christensens Plads 1, 1437 København K;ddiff;12-16/6;Mati Diop ;Atlantiques ;13/05/2024;;;;;;Jeppe Kondrup Adelborg <jka@filmskolen.org>;;
;70;50%;Association Polly Maggoo;;;26 boulevard des Dames, 13002 Marseille;ddiff;01/06/2024;Melisa LIEBENTHAL;Aqui y alla;03/05/2024;;;;;;Serge Dentin - Polly Maggoo <serge.dentin@pollymaggoo.org>;;
;400;50%;Musée de la Photographie ;;;Avenue Paul Pastur 11, 6032 Charleroi;ddiff;1/6-29/9;Ethel LILIENFELD;EMI;02/05/2024;;;;;;Avenue Paul Pastur 11, 6032 Charleroi;;
300;;100%;Bibliothèque publique d'information;;;25 rue du Renard, 75004 Paris;ddiff;01/07/2024;René BALLESTEROS;La quemadura;13/05/2024;;;;;;harmpieter.bos@bpi.fr;;
600;;50%;Mediapart;;;127 avenue Ledru-Rollin, 75011 Paris;ddiff;22/06-20/7;Aliha THALIEN;Nos îles;13/05/2024;;;;;;Céline Brizard <celine.brizard@mediapart.fr>;;
;25;50%;Association Courts Circuit 66 ;;;1, rue Danton, 66400 Céret;ddiff;13/8-22/9;Julia Borderie;Bleu silico;22/05/2024;;;;;;festivalcc66@gmail.com;;
;25;50%;Association Courts Circuit 66 ;;;1, rue Danton, 66400 Céret;ddiff;13/8-22/9;Eloise Le Gallo;Bleu silico;22/05/2024;;;;;;festivalcc66@gmail.com;;
;68.08;50%;Festival International du Film sur l'Art (FIFA);;;5333 Av. Casgrain #403, Montréal, QC H2T 1X3;ddiff;07/08/2024;Bianca DACOSTA;Interior da terra;11/04/2024;;;;;100CAD$;"facturation@lefifa.com; Andreina Aveledo <aaveledo@artfifa.com>";;
;200;50%;Stiftung Deutsches Historisches Museum;;;Unter den Linden 2, 10117 Berlin;ddiff;10/09/2024;Truong-Minh Quy;Les attendants;02/05/2024;;;;;;Maximilian Grenz <grenz@dhm.de>;;
;400;50%;FONDATION GROUPE EDF - Service Comptabilité;;;;ddiff;14/11/2024;Hicham BERRADA;Natural Process Activation #3 Bloom;;;;;;;;;
;100;50%;Tampereen elokuvajuhlat ry / Tampere Film Festival;PAYS;FI07238310;Tullikamarin aukio 2, 33100 Tampere   ;ddiff;6 au 10 mars;Judith Auffray;Les hommes de la nuit;12/01/2024;8038;18/04/2024;18/04/2024;02/05/2024;;office@tff.fi;;
100;;50%;Lycée Paul Hazard ;;;1 rue Paul Hazard, 59280 Armentières ;ddiff;3-18/4;Bianca DACOSTA;Interior da terra;11/04/2024;8040;18/04/2024;18/04/2024;;;Emilien COUVREUR <monsieurcouvreur@gmail.com>;;
;75;50%;IMAGINE SCIENCE FILMS;;;19 Morris Ave, New Lab Building 128, Brooklyn, NY, 11205 United States;ddiff;avril;Elliot EUGENIE;Liesse;21/03/2024;8041;18/04/2024;18/04/2024;;;ringo@labocine.com;;
;101.85;50%;Coopérative de solidarité Tënk Canada;;;3995 Berri, Montréal, Canada, H2L 4H2;ddiff;12/4-12/6;Alice Brygo;Le mal des ardents;21/03/2024;8042;18/04/2024;18/04/2024;;150CAD$;Emmanuel Bernier <info@tenk.ca>;;
;1,05;50%;Coopérative de solidarité Tënk Canada;CA;;3995 Berri, Montréal, Canada, H2L 4H2;royalties 2022;;June Balthazard;Le baiser du silure;;8042;18/04/2024;18/04/2024;;;Emmanuel Bernier <info@tenk.ca>;;
;1,05;50%;Coopérative de solidarité Tënk Canada;CA;;3995 Berri, Montréal, Canada, H2L 4H2;royalties 2022;;Pang-chuan Huang;Last year when the train passed by;;8042;18/04/2024;18/04/2024;;;Emmanuel Bernier <info@tenk.ca>;;
;1,05;50%;Coopérative de solidarité Tënk Canada;CA;;3995 Berri, Montréal, Canada, H2L 4H2;royalties 2022;;Pang-chuan Huang;Last year when the train passed by;;8042;18/04/2024;18/04/2024;;;Emmanuel Bernier <info@tenk.ca>;;
150;;50%;SCIC Tënk;France;;300 route de Mirabel, 07170 Lussas;ddiff;12/4-12/6;Alice Brygo;Le mal des ardents;22/02/2024;8046;18/04/2024;18/04/2024;;;Sylvain Baldus <sylvain.baldus@tenk.fr>;;
150;;50%;SCIC Tënk;France;;300 route de Mirabel, 07170 Lussas;ddiff;4/5-4/7;Judith Auffray;7h15 merle noir;22/02/2024;8046;18/04/2024;18/04/2024;;;Sylvain Baldus <sylvain.baldus@tenk.fr>;;
2.86;;100;Kortfilm.be vzw;Belgique;BE 0478 441 315;Boondaalse Steenweg 249, 1050 Elsene;royalties 2023;;Stéphanie Gervot;Scum mutation;12/01/2024;7841;23/01/2023;23/01/2023;;;Niels Putman <niels@kortfilm.be>;;
300;330;50%;Collège Paul Eluard,;;;60 rue Emile Zola à 59192, Beuvrages;ddiff;18/1-16/2/2024;Alexandru Petru BADELITA;I made you I kill you;20/11/2023;7844;23/01/2023;23/01/2023;;;IN-59E-CLG-PAUL-ELUARD-BEUVRAGES-0594301E <intendant.0594301e@ac-lille.fr>;;
;1 000,00;50%;FONDATION GROUPE EDF - Service Comptabilité;;;6 rue Juliette Récamier, 75007 Paris;ddiff;16/1-29/9;Hicham BERRADA;Natural Process Activation #3 Bloom;18/12/2023;7846;23/01/2023;23/01/2023;;;fondation-edf-compta@edf.fr;;
;80;50%;ASSOCIATION CINEMAGINAIRE;;;L'ATELIER-Parc d'Activités, Albères Méditerranée n°14, 66 690 Saint-André;ddiff;17/01/2024;Elina KASTLER;Achewiq, le chant des femmes-courage, min;12/01/2024;7838;23/01/2023;23/01/2023;;;jpbellay@cinemaginaire.org;;
;729,81;0%;FONDATION GROUPE EDF - Service Comptabilité;;;6 rue Juliette Récamier, 75007 Paris;refacturation julie machin 20+21+22/12;16/1-29/9;Léa Collet;Digitalis;22/12/2023;7902;20/02/2024;20/02/2024;;;fondation-edf-compta@edf.fr;MANGIN Coline - externe <coline-externe.mangin@edf.fr>;
;648,02;0%;FONDATION GROUPE EDF - Service Comptabilité;;;6 rue Juliette Récamier, 75007 Paris;refacturation sébastien cabour 20+21/12+8/1;16/1-29/9;Léa Collet;Digitalis;22/12/2023;7902;20/02/2024;20/02/2024;;;fondation-edf-compta@edf.fr;MANGIN Coline - externe <coline-externe.mangin@edf.fr>;
;1 000,00;50%;FONDATION GROUPE EDF - Service Comptabilité;;;6 rue Juliette Récamier, 75007 Paris;ddiff;16/1-29/9;Léa Collet;Digitalis;30/01/2024;7935;20/02/2024;20/02/2024;;;fondation-edf-compta@edf.fr;MANGIN Coline - externe <coline-externe.mangin@edf.fr>;
;1 500,00;100%;FONDATION GROUPE EDF - Service Comptabilité;;;6 rue Juliette Récamier, 75007 Paris;forfait adaptation;16/1-29/9;Léa Collet;Digitalis;30/01/2024;7935;20/02/2024;20/02/2024;;;fondation-edf-compta@edf.fr;MANGIN Coline - externe <coline-externe.mangin@edf.fr>;
;857,69;100%;FONDATION GROUPE EDF - Service Comptabilité;;;6 rue Juliette Récamier, 75007 Paris;remboursement des achats de matériel de l’artiste ;16/1-29/9;Léa Collet;Digitalis;30/01/2024;7935;20/02/2024;20/02/2024;;;fondation-edf-compta@edf.fr;MANGIN Coline - externe <coline-externe.mangin@edf.fr>;
;80;50%;Rencontres Audiovisuelles;;;18, rue Gosselet - BP 1295, 59 014 Lille Cedex / FR;ddiff;18-27/1;Aliha THALIEN;Nos îles;12/01/2024;7904;20/02/2024;20/02/2024;;;programmation <programmation@rencontres-audiovisuelles.org>;;
;77;50%;Academy Museum;USA;;6067 Wilshire Blvd., Los Angeles, CA 90036;ddiff;01/02/2024;Mati Diop ;Atlantiques ;11/09/2023;7907;20/02/2024;20/02/2024;;;Hyesung ii <hii@oscars.org>;;
;200;100;Independent Curators International (ICI);USA;;401 Broadway, Suite 1620, New York, NY 10013;ddiff;6/2-18/5;Laura Huertas Millan;Aequador + Voyage en la terre autrement dite;22/12/2023;7908;20/02/2024;20/02/2024;;;becky@curatorsintl.org;;
;136.04;100%;CalArts, Film Services;USA;;24700 McBean Parkway, Santa Clarita, CA 91355;ddiff;13/02/2023;Aliha THALIEN;Nos îles;22/12/2023;7909;20/02/2024;20/02/2024;;150$;Chloe Reyes <creyes@calarts.edu>;;
;75;50%;IMAGINE SCIENCE FILMS;;;19 Morris Ave, New Lab Building 128, Brooklyn, NY, 11205 United States;ddiff;février;Ewan Golder;Binary love;18/01/2024;7910;20/02/2024;20/02/2024;;;ringo@labocine.com;;
;75;50%;IMAGINE SCIENCE FILMS;;;19 Morris Ave, New Lab Building 128, Brooklyn, NY, 11205 United States;ddiff;février;Evangelia Kranioti;Marilyn de los puertos;18/01/2024;7910;20/02/2024;20/02/2024;;;ringo@labocine.com;;
;75;50%;IMAGINE SCIENCE FILMS;;;19 Morris Ave, New Lab Building 128, Brooklyn, NY, 11205 United States;ddiff;février;Truong-Minh Quy;Les attendants;18/01/2024;7910;20/02/2024;20/02/2024;;;ringo@labocine.com;;
;130;50%;Clair Obscur / Festival Travelling;;;Bâtiment Creative Seeds, 3679, Boulevard des Alliés, 35510 Cesson-Sévigné;ddiff;23-24/2;Pang-chuan HUANG;Retour;08/01/2024;7914;21/02/2024;21/02/2024;;;Aurelie Ganachaud <aurelie@clairobscur.info>;;
;170;50%;Clair Obscur / Festival Travelling;;;Bâtiment Creative Seeds, 3679, Boulevard des Alliés, 35510 Cesson-Sévigné;ddiff;23-24/2;Tsaï Ming-liang;Le pont n'est plus là;08/01/2024;7914;21/02/2024;21/02/2024;;;Aurelie Ganachaud <aurelie@clairobscur.info>;;
;91.75;100%;Fundación Foro del Sur;Argentine;;Florida 910, 4B, Buenos Aires;ddiff;- Universidade Federal do Rio Grande do Sul, du 02 au 06 Octobre 2023;Laura Huertas MILLAN;Aequador;07/03/2024;7997;22/03/2024;22/03/2024;;100$;"jcarranzavelez@bienalsur.org; fpaoli@bienalsur.org";;
;;;;;;;;- Museo Sursock, du 25 au 29 Novembre 2023;;;;;;;;;;;
;;;;;;;;- Maison Amérique Latine, Paris, du 03 au 16 octobre 2023;;;;;;;;;;;
;;;;;;;;- FRAC Poitou Charentes, Angoulême, du 06 octobre 2023 au 09 mars 2024;;;;;;;;;;;
;100;100%;Trauma Bar und Kino GmbH & Co. KG;;DE312658329;Heidestrasse 50, 10557 Berlin;ddiff;26/01/2024;Sarah-Anais DESBENOIT;Phalène;18/01/2024;7912;21/02/2024;21/02/2024;;;chima.okerenkwo@googlemail.com;;
;1 947,40;50%;PROJETO VÊNUS COMÉRCIO E PRODUÇÕES ARTISTICAS LTDA;;Brésil;Travessa Dona Paula, 134, Higienópolis, SÃO PAULO / SP, 01239-050;vente 1/5;;Janaina Wagner;Licantropia;30/01/2024;7913;21/02/2024;21/02/2024;;RS15.000;ricardo@projetovenus.net;;
;1 947,40;50%;PROJETO VÊNUS COMÉRCIO E PRODUÇÕES ARTISTICAS LTDA;;Brésil;Travessa Dona Paula, 134, Higienópolis, SÃO PAULO / SP, 01239-050;vente 3/5;;Janaina Wagner;Curupira ou machine du destin;30/01/2024;7913;21/02/2024;21/02/2024;;RS15.000;ricardo@projetovenus.net;;
;99;50%;Courtisane vzw;;BE0477279293;p.a. KASK _ Campus Bijloke, Louis Pasteurlaan 2, 9000 Gent;ddiff;27-31/3;Daphné Heretakis;Archipels, granites dénudés;30/01/2024;7992;22/03/2024;22/03/2024;;;ditte@courtisane.be;;
;50;50%;Association 23n85o;;;3, allée des Louinas, 85 330 Noirmoutier-en-l’île;ddiff;28-31/3;Stéphanie Roland;Le cercle vide ;30/01/2024;7993;22/03/2024;22/03/2024;;non assujetti tva;Sylvain Maugens <smaugens@lesdocsdenoirmoutier.fr>;;
;1 100,00;50%;Département des Hautes-Pyrénées;;;6, rue Gaston Manent, CS 71324 - 65013 Tarbes cedex 9;ddiff;30/3-3/11;Elisabeth CARAVELLA;Howto;31/01/2024;7994;22/03/2024;22/03/2024;;;SENMARTIN Aude <aude.senmartin@ha-py.fr>;;
;1 100,00;50%;Département des Hautes-Pyrénées;;;6, rue Gaston Manent, CS 71324 - 65013 Tarbes cedex 9;ddiff;30/3-3/11;Jisoo YOO;Je(u);31/01/2024;7994;22/03/2024;22/03/2024;;;SENMARTIN Aude <aude.senmartin@ha-py.fr>;;
;1 400,00;0%;Département des Hautes-Pyrénées;;;6, rue Gaston Manent, CS 71324 - 65013 Tarbes cedex 9;forfait matériels;30/3-3/11;Jisoo YOO;Je(u);31/01/2024;7994;22/03/2024;22/03/2024;;;SENMARTIN Aude <aude.senmartin@ha-py.fr>;;
;500;100%;Département des Hautes-Pyrénées;;;6, rue Gaston Manent, CS 71324 - 65013 Tarbes cedex 9;forfait montage;30/3-3/11;Jisoo YOO;Je(u);31/01/2024;7994;22/03/2024;22/03/2024;;;SENMARTIN Aude <aude.senmartin@ha-py.fr>;;
;175;0%;Département des Hautes-Pyrénées;;;6, rue Gaston Manent, CS 71324 - 65013 Tarbes cedex 9;forfait entretien/maintenance;30/3-3/11;Jisoo YOO;Je(u);31/01/2024;7994;22/03/2024;22/03/2024;;;SENMARTIN Aude <aude.senmartin@ha-py.fr>;;
;75;50%;IMAGINE SCIENCE FILMS;;;19 Morris Ave, New Lab Building 128, Brooklyn, NY, 11205 United States;ddiff;mars;Ismael Joffroy Chandoutis;Ondes noires;05/03/2024;7995;22/03/2024;22/03/2024;;;ringo@labocine.com;;
;75;50%;IMAGINE SCIENCE FILMS;;;19 Morris Ave, New Lab Building 128, Brooklyn, NY, 11205 United States;ddiff;mars;Nicolas Gourault;VO;07/03/2024;7995;22/03/2024;22/03/2024;;;ringo@labocine.com;;
;100;50%;lycée Marguerite de Flandres de Gondecourt ;;;Pass culture / Lucie Ménard;ddiff;9-22/2;Eloise Le Gallo;Bleu silico;05/03/2024;Pass Culture;;;;;pass culture;;
;100;50%;lycée Marguerite de Flandres de Gondecourt ;;;Pass culture / Lucie Ménard;ddiff;9-22/2;Julia Borderie;Bleu silico;05/03/2024;Pass Culture;;;;;pass culture;;
;200;50%;lycée Marguerite de Flandres de Gondecourt ;;;Pass culture / Lucie Ménard;ddiff;9-22/2;Léa COLLET;Be my eyes;05/03/2024;Pass Culture;;;;;pass culture;;
;100;100%;FIDMarseille;;;14 allée Léon Gambetta, 13001 Marseille;ddiff;28/02/2024;Judith Auffray;7h15 merle noir;07/03/2024;7999;22/03/2024;22/03/2024;;;Tsveta Dobreva <tsvetadobreva@fidmarseille.org>;;
;120;100%;AV-arkki, Suomalaisen mediataiteen keskus | The Centre for Finnish Media Art;Islande;;Töölönkatu 11 A, FIN - 00100 Helsinki;ddiff;27/02/2024;Younes Ben Slimane;Nous les savions qu'elles étaient belles, les îles;07/03/2024;8000;22/03/2024;22/03/2024;;;accounting@av-arkki.fi;;
;59,04;0%;SCIC Tënk;France;;300 route de Mirabel, 07170 Lussas;royalties VOD 2023;;;;07/03/2024;8001;22/03/2024;22/03/2024;;;Sylvain Baldus <sylvain.baldus@tenk.fr>;;
;9,02;50%;SCIC Tënk;France;;300 route de Mirabel, 07170 Lussas;royalties VOD 2023;;;The imaginary Tatars;07/03/2024;8001;22/03/2024;22/03/2024;;;Sylvain Baldus <sylvain.baldus@tenk.fr>;;
;1,64;50%;SCIC Tënk;France;;300 route de Mirabel, 07170 Lussas;royalties VOD 2023;;;La rivière Tanier;07/03/2024;8001;22/03/2024;22/03/2024;;;Sylvain Baldus <sylvain.baldus@tenk.fr>;;
;6,56;50%;SCIC Tënk;France;;300 route de Mirabel, 07170 Lussas;royalties VOD 2023;;;Le baiser du silure;07/03/2024;8001;22/03/2024;22/03/2024;;;Sylvain Baldus <sylvain.baldus@tenk.fr>;;
;6,56;50%;SCIC Tënk;France;;300 route de Mirabel, 07170 Lussas;royalties VOD 2023;;;Sur tes cendres;07/03/2024;8001;22/03/2024;22/03/2024;;;Sylvain Baldus <sylvain.baldus@tenk.fr>;;
;4,1;50%;SCIC Tënk;France;;300 route de Mirabel, 07170 Lussas;royalties VOD 2023;;;Atlantiques;07/03/2024;8001;22/03/2024;22/03/2024;;;Sylvain Baldus <sylvain.baldus@tenk.fr>;;
;3,28;50%;SCIC Tënk;France;;300 route de Mirabel, 07170 Lussas;royalties VOD 2023;;;Manque de preuves;07/03/2024;8001;22/03/2024;22/03/2024;;;Sylvain Baldus <sylvain.baldus@tenk.fr>;;
;2,46;50%;SCIC Tënk;France;;300 route de Mirabel, 07170 Lussas;royalties VOD 2023;;;Le Park;07/03/2024;8001;22/03/2024;22/03/2024;;;Sylvain Baldus <sylvain.baldus@tenk.fr>;;
;2,46;50%;SCIC Tënk;France;;300 route de Mirabel, 07170 Lussas;royalties VOD 2023;;;My eyes are gone;07/03/2024;8001;22/03/2024;22/03/2024;;;Sylvain Baldus <sylvain.baldus@tenk.fr>;;
;2,46;50%;SCIC Tënk;France;;300 route de Mirabel, 07170 Lussas;royalties VOD 2023;;;This means more;07/03/2024;8001;22/03/2024;22/03/2024;;;Sylvain Baldus <sylvain.baldus@tenk.fr>;;
;4,92;50%;SCIC Tënk;France;;300 route de Mirabel, 07170 Lussas;royalties VOD 2023;;;VO;07/03/2024;8001;22/03/2024;22/03/2024;;;Sylvain Baldus <sylvain.baldus@tenk.fr>;;
;2,46;50%;SCIC Tënk;France;;300 route de Mirabel, 07170 Lussas;royalties VOD 2023;;;Teresa;07/03/2024;8001;22/03/2024;22/03/2024;;;Sylvain Baldus <sylvain.baldus@tenk.fr>;;
;2,46;50%;SCIC Tënk;France;;300 route de Mirabel, 07170 Lussas;royalties VOD 2023;;;Planet A;07/03/2024;8001;22/03/2024;22/03/2024;;;Sylvain Baldus <sylvain.baldus@tenk.fr>;;
;2,46;50%;SCIC Tënk;France;;300 route de Mirabel, 07170 Lussas;royalties VOD 2023;;;Le cercle vide ;07/03/2024;8001;22/03/2024;22/03/2024;;;Sylvain Baldus <sylvain.baldus@tenk.fr>;;
;2,46;50%;SCIC Tënk;France;;300 route de Mirabel, 07170 Lussas;royalties VOD 2023;;;La mariée;07/03/2024;8001;22/03/2024;22/03/2024;;;Sylvain Baldus <sylvain.baldus@tenk.fr>;;
;2,46;50%;SCIC Tënk;France;;300 route de Mirabel, 07170 Lussas;royalties VOD 2023;;;Plastic and glass;07/03/2024;8001;22/03/2024;22/03/2024;;;Sylvain Baldus <sylvain.baldus@tenk.fr>;;
;0,82;50%;SCIC Tënk;France;;300 route de Mirabel, 07170 Lussas;royalties VOD 2023;;;Archipels, granites dénudés;07/03/2024;8001;22/03/2024;22/03/2024;;;Sylvain Baldus <sylvain.baldus@tenk.fr>;;
;0,82;50%;SCIC Tënk;France;;300 route de Mirabel, 07170 Lussas;royalties VOD 2023;;;Echo chamber;07/03/2024;8001;22/03/2024;22/03/2024;;;Sylvain Baldus <sylvain.baldus@tenk.fr>;;
;0,82;50%;SCIC Tënk;France;;300 route de Mirabel, 07170 Lussas;royalties VOD 2023;;;Contraindre;07/03/2024;8001;22/03/2024;22/03/2024;;;Sylvain Baldus <sylvain.baldus@tenk.fr>;;
;0,82;50%;SCIC Tënk;France;;300 route de Mirabel, 07170 Lussas;royalties VOD 2023;;;La rouge et la noire;07/03/2024;8001;22/03/2024;22/03/2024;;;Sylvain Baldus <sylvain.baldus@tenk.fr>;;
;40;50%;Rencontres Audiovisuelles;;;18, rue Gosselet - BP 1295, 59 014 Lille Cedex / FR;ddiff;3+24/2;Nicolas Gourault;This means more;16/01/2024;7981;22/03/2024;22/03/2024;;;programmation <programmation@rencontres-audiovisuelles.org>;;
;200;100%;Cneai;;;17-21 Boulevard Jourdan 75014 Paris;ddiff;7/3-25/5;Alice Brygo;Soum;05/03/2024;7982;22/03/2024;22/03/2024;;;bastien.sbuttoni@cneai.com;;
;457,63;100%;Fotofest;;;2000 Edwards St., Blg. C, Suite 2, Houston, TX 77007 USA ;ddiff;9/3-21/4;Ethel LILIENFELD;Invisible Filter;11/03/2024;7983;22/03/2024;22/03/2024;;500$;Chris Wicker <ChrisW@fotofest.org>;;
;850;100%;Centre Wallonie Bruxelles;;pas de n° de tva;127-129 rue saint-Martin, 75004 Paris;forfait diff/adaptation;16/2-20/4;Yue CHENG;The World;24/01/2024;7984;22/03/2024;22/03/2024;;;s.anedda@cwb.fr;;
;400;50%;Centre Wallonie Bruxelles;;pas de n° de tva;127-129 rue saint-Martin, 75004 Paris;forfait matériels;16/2-20/4;Yue CHENG;The World;24/01/2024;7984;22/03/2024;22/03/2024;;;s.anedda@cwb.fr;;
;;0%;Centre Wallonie Bruxelles;;pas de n° de tva;127-129 rue saint-Martin, 75004 Paris;refacturation claire pollet 14+15/2;16/2-20/4;Yue CHENG;The World;24/01/2024;7984;22/03/2024;22/03/2024;;;s.anedda@cwb.fr;;
;0.9;50%;Chalet pointu;;;10 rue des Goncourt, 75011 Paris;dvd annecy awards 2018;S2/2023;Shirley Bruno;An excavation of us;12/01/2024;;;;;;Léo Mauran <production@chaletpointu.com>;;
;40;100%;Final Girls Berlin Film Festival e.V.;;pas de n° de tva;c/o Elinor Lewy, Halenseestr. 5, 10711 Berlin;ddiff;7 au 11/2;Agata Wieczorek;Growing;22/12/2023;7985;22/03/2024;22/03/2024;;;Final Girls Berlin Film Festival <finalgirlsfilmfest@gmail.com>;;
;400;100%;Art Explora;;;9 Place de la Madeleine, 75008 PARIS;ddiff;3/2024-12/2026;Younes Ben Slimane;Nous les savions qu'elles étaient belles, les îles;18/03/2024;7986;22/03/2024;22/03/2024;;;Anna Bouloux <anna.bouloux@artexplora.org>;;
;230;100%;La Cinémathèque de Toulouse;;;69 rue du Taur, 31000 Toulouse;ddiff;27-29/3;Isabelle Prim;Mademoiselle Else / La Rouge et la noire;12/02/2024;7988;22/03/2024;22/03/2024;;;Franck Lubet <franck.lubet@lacinemathequedetoulouse.com>;;
;300;50%;Plaine Images SEM VR;;;99a Boulevard Descat 59200 Tourcoing;ddiff;27-29/3;Ethel LILIENFELD;EMI;23/02/2024;7989;22/03/2024;22/03/2024;;;Laurent TRICART <ltricart@plaine-images.fr>;;
;300;50%;Plaine Images SEM VR;;;99a Boulevard Descat 59200 Tourcoing;ddiff;27-29/3;Ismael Joffroy Chandoutis;Swatted;23/02/2024;7989;22/03/2024;22/03/2024;;;Laurent TRICART <ltricart@plaine-images.fr>;;
;54.96;50%;Festival International du Film sur l'Art;;;5333 avenue Casgrain, bureau 403, H2T1X3 Montréal, Québec;ddiff;14-24/3;Bianca DACOSTA;Interior da terra;20/02/2024;7990;22/03/2024;22/03/2024;;80CAD$;Eva-Belle Munck <info@lefifa.com>;;
600;;50%;Mediapart;;;127 avenue Ledru-Rollin, 75011 Paris;ddiff;30/03-27/04;Alice Brygo;Le mal des ardents;27/03/2024;8039;18/04/2024;18/04/2024;29/04/2024;;Céline Brizard <celine.brizard@mediapart.fr>;;
;50;50%;Association Silhouette ;;Association non assujettie à la TVA;41 rue Mouraud 75020 Paris ;ddiff;11/04/2024;Hayoun Kwon;Manque de preuves;23/02/2024;8043;18/04/2024;18/04/2024;19/04/2024;;Salomé Dauffy-Maliarevsky <s.dauffy@association-silhouette.com>;;
;400;100%;Musée de la Photographie;;;Avenue Paul Pastur 11, 6032 Charleroi;ddiff;1/6-29/9;Ethel LILIENFELD;EMI;19/03/2024;8044;18/04/2024;18/04/2024;23/04/2024;;mpc.info@museephoto.be;;
;102.31;100%;AVDC - association vaudoise de danse contemporaine;;;Rue de Genève 57, CH - 1004 Lausanne;ddiff;1/5-5/5;Lou Le Forban;Tohu va bohu;21/03/2024;8045;18/04/2024;18/04/2024;30/04/2024;100CHF;anne-laure@avdc.ch;;
;150;100%;Institut français de Turquie;;;Cumhuriyet Blv. No:152, 35220 Alsancak İzmir;ddiff;20+24/2;Aliha THALIEN;Nos îles;05/03/2024;7996;22/03/2024;22/03/2024;27/03/2024;;Damla CAMUR <damla.camur@ifturquie.org>;;
;150;50%;SATURNE PRODUCTION;;;Cube City, ZA les baliveaux, 77120 Amillis;ddiff;3 au 9 mars;Mati Diop ;Atlantiques;22/02/2024;7987;22/03/2024;22/03/2024;03/04/2024;;Emilie Tigritudes <emilie.rodiere@tigritudes.com>;;
;80;50%;Busan International Short Film Festival;;;2nd Floor, BIFF HILL, Busan Cinema Center, 120, Suyeonggangbyeon-daero, Haeundae-gu, Busan, South Korea | 40859;ddiff;25-30/4;Ronny TROCKER;Gli immacolati;16/02/2024;7911;21/02/2024;21/02/2024;04/03/2024;;Gugliotta Pierluigi <program02@bisff.org>;;
;398,77;0%;Square Eyes Film;Autriche ;ATU75763069;Habichergasse 39-3, 1160 Vienna;S2 (royalties 2023);;;;08/01/2024;7842;23/01/2023;23/01/2023;25/01/2023;;Wouter - Square Eyes <wouter@squareeyesfilm.com>;;
;52,5;100%;Square Eyes Film;Autriche ;ATU75763069;Habichergasse 39-3, 1160 Vienna;ddiff ;S2 2023;Nicolas Gourault;VO;08/01/2024;7842;23/01/2023;23/01/2023;25/01/2023;;Wouter - Square Eyes <wouter@squareeyesfilm.com>;;
;15;100%;Square Eyes Film;Autriche ;ATU75763069;Habichergasse 39-3, 1160 Vienna;ddiff ;S2 2023;Yuyan wang;One Thousand and One Attemps to Be an Ocean ;08/01/2024;7842;23/01/2023;23/01/2023;25/01/2023;;Wouter - Square Eyes <wouter@squareeyesfilm.com>;;
;58,49;100%;Square Eyes Film;Autriche ;ATU75763069;Habichergasse 39-3, 1160 Vienna;ddiff ;S2 2023;Ismael Joffroy Chandoutis;Swatted;08/01/2024;7842;23/01/2023;23/01/2023;25/01/2023;;Wouter - Square Eyes <wouter@squareeyesfilm.com>;;
;272,78;100%;Square Eyes Film;Autriche ;ATU75763069;Habichergasse 39-3, 1160 Vienna;ddiff ;S2 2023;Alice Brygo;Le mal des ardnts;08/01/2024;7842;23/01/2023;23/01/2023;25/01/2023;;Wouter - Square Eyes <wouter@squareeyesfilm.com>;;
;2013.32;0%;MUBI, Inc.;;;215 Park Avenue South FL 12, Suite #12, New York, NY 10003, United States;Q3 (royalties 2023);;;;;7843;23/01/2023;23/01/2023;02/02/2024;;finance@mubi.com;;
;252,46;50%;MUBI, Inc.;USA;;215 Park Avenue South FL 12, Suite #12, New York, NY 10003, United States;Q3 (royalties 2023);;Meryll Hardt ;Une vie radieuse ;02/01/2024;7843;23/01/2023;23/01/2023;02/02/2024;;finance@mubi.com;;
;29,17;50%;MUBI, Inc.;USA;;215 Park Avenue South FL 12, Suite #12, New York, NY 10003, United States;Q3 (royalties 2023);;Mickael Kummer;Aditi Singh;02/01/2024;7843;23/01/2023;23/01/2023;02/02/2024;;finance@mubi.com;;
;10,48;50%;MUBI, Inc.;USA;;215 Park Avenue South FL 12, Suite #12, New York, NY 10003, United States;Q3 (royalties 2023);;Zhi Wei Jow;Au-delà de l'hiver ;02/01/2024;7843;23/01/2023;23/01/2023;02/02/2024;;finance@mubi.com;;
;554,66;50%;MUBI, Inc.;USA;;215 Park Avenue South FL 12, Suite #12, New York, NY 10003, United States;Q3 (royalties 2023);;Mati Diop ;Atlantiques ;02/01/2024;7843;23/01/2023;23/01/2023;02/02/2024;;finance@mubi.com;;
;19,31;50%;MUBI, Inc.;USA;;215 Park Avenue South FL 12, Suite #12, New York, NY 10003, United States;Q3 (royalties 2023);;Ico Costa ;Quatro horas descalço;02/01/2024;7843;23/01/2023;23/01/2023;02/02/2024;;finance@mubi.com;;
;5,72;50%;MUBI, Inc.;USA;;215 Park Avenue South FL 12, Suite #12, New York, NY 10003, United States;Q3 (royalties 2023);;Jean-Christophe Couet ;Les Déplacements internes ;02/01/2024;7843;23/01/2023;23/01/2023;02/02/2024;;finance@mubi.com;;
;35,04;50%;MUBI, Inc.;USA;;215 Park Avenue South FL 12, Suite #12, New York, NY 10003, United States;Q3 (royalties 2023);;Isabel Pagliai;Isabella Morra;02/01/2024;7843;23/01/2023;23/01/2023;02/02/2024;;finance@mubi.com;;
;4,03;50%;MUBI, Inc.;USA;;215 Park Avenue South FL 12, Suite #12, New York, NY 10003, United States;Q3 (royalties 2023);;Alice Colomer-Kang;J.M Mondésir ;02/01/2024;7843;23/01/2023;23/01/2023;02/02/2024;;finance@mubi.com;;
;"26;42";50%;MUBI, Inc.;USA;;215 Park Avenue South FL 12, Suite #12, New York, NY 10003, United States;Q3 (royalties 2023);;Dania Reymond ;Jeanne ;02/01/2024;7843;23/01/2023;23/01/2023;02/02/2024;;finance@mubi.com;;
;50,72;50%;MUBI, Inc.;USA;;215 Park Avenue South FL 12, Suite #12, New York, NY 10003, United States;Q3 (royalties 2023);;Pierre Mazingarbe ;Le roi des belges ;02/01/2024;7843;23/01/2023;23/01/2023;02/02/2024;;finance@mubi.com;;
;4,04;50%;MUBI, Inc.;USA;;215 Park Avenue South FL 12, Suite #12, New York, NY 10003, United States;Q3 (royalties 2023);;Hu Wei ;Le propriétaire ;02/01/2024;7843;23/01/2023;23/01/2023;02/02/2024;;finance@mubi.com;;
;109,56;50%;MUBI, Inc.;USA;;215 Park Avenue South FL 12, Suite #12, New York, NY 10003, United States;Q3 (royalties 2023);;Luc Moullet;Toujours moins ;02/01/2024;7843;23/01/2023;23/01/2023;02/02/2024;;finance@mubi.com;;
;7,32;50%;MUBI, Inc.;USA;;215 Park Avenue South FL 12, Suite #12, New York, NY 10003, United States;Q3 (royalties 2023);;Louis Henderson ;Logical revolts;02/01/2024;7843;23/01/2023;23/01/2023;02/02/2024;;finance@mubi.com;;
;72,78;50%;MUBI, Inc.;USA;;215 Park Avenue South FL 12, Suite #12, New York, NY 10003, United States;Q3 (royalties 2023);;Tessa Joosse ;Plastic and Glass ;02/01/2024;7843;23/01/2023;23/01/2023;02/02/2024;;finance@mubi.com;;
;68,9;50%;MUBI, Inc.;USA;;215 Park Avenue South FL 12, Suite #12, New York, NY 10003, United States;Q3 (royalties 2023);;Isabella Prim ;La rouge et la noire ;02/01/2024;7843;23/01/2023;23/01/2023;02/02/2024;;finance@mubi.com;;
;46,46;50%;MUBI, Inc.;USA;;215 Park Avenue South FL 12, Suite #12, New York, NY 10003, United States;Q3 (royalties 2023);;Tatiana Fuentes Sadowski ;La huella ;02/01/2024;7843;23/01/2023;23/01/2023;02/02/2024;;finance@mubi.com;;
;115,4;50%;MUBI, Inc.;USA;;215 Park Avenue South FL 12, Suite #12, New York, NY 10003, United States;Q3 (royalties 2023);;Anna Marziano ;De la mutabilité de toute chose et de la possibilité d'en changer certaines ;02/01/2024;7843;23/01/2023;23/01/2023;02/02/2024;;finance@mubi.com;;
;66,2;50%;MUBI, Inc.;USA;;215 Park Avenue South FL 12, Suite #12, New York, NY 10003, United States;Q3 (royalties 2023);;Randa Maroufi ;Le Park ;02/01/2024;7843;23/01/2023;23/01/2023;02/02/2024;;finance@mubi.com;;
;298,24;50%;MUBI, Inc.;USA;;215 Park Avenue South FL 12, Suite #12, New York, NY 10003, United States;Q3 (royalties 2023);;Tsai Ming-liang;Tian qiao bu jian le ;02/01/2024;7843;23/01/2023;23/01/2023;02/02/2024;;finance@mubi.com;;
;80,31;50%;MUBI, Inc.;USA;;215 Park Avenue South FL 12, Suite #12, New York, NY 10003, United States;Q3 (royalties 2023);;Alexandru Petru Bădeliţă;Voyager sur une jambe ;02/01/2024;7843;23/01/2023;23/01/2023;02/02/2024;;finance@mubi.com;;
;15,09;50%;MUBI, Inc.;USA;;215 Park Avenue South FL 12, Suite #12, New York, NY 10003, United States;Q3 (royalties 2023);;Mihai Grecu ;Unlith ;02/01/2024;7843;23/01/2023;23/01/2023;02/02/2024;;finance@mubi.com;;
;35,32;50%;MUBI, Inc.;USA;;215 Park Avenue South FL 12, Suite #12, New York, NY 10003, United States;Q3 (royalties 2023);;Clément Cogitore ;Visités ;02/01/2024;7843;23/01/2023;23/01/2023;02/02/2024;;finance@mubi.com;;
;63,79;50%;MUBI, Inc.;USA;;215 Park Avenue South FL 12, Suite #12, New York, NY 10003, United States;Q3 (royalties 2023);;Ivan Castineiras-Gallego ;Où est la jungle ? ;02/01/2024;7843;23/01/2023;23/01/2023;02/02/2024;;finance@mubi.com;;
;41,89;50%;MUBI, Inc.;USA;;215 Park Avenue South FL 12, Suite #12, New York, NY 10003, United States;Q3 (royalties 2023);;Eduardo Williams ;Que je tombe tout le temps ? ;02/01/2024;7843;23/01/2023;23/01/2023;02/02/2024;;finance@mubi.com;;
;1 000,00;50%;FONDATION GROUPE EDF - Service Comptabilité;;;6 rue Juliette Récamier, 75007 Paris;ddiff;16/1-29/9;Jisoo YOO;Je(u);30/01/2024;7931;20/02/2024;20/02/2024;28/02/2024;;fondation-edf-compta@edf.fr;MANGIN Coline - externe <coline-externe.mangin@edf.fr>;
;540;100%;FONDATION GROUPE EDF - Service Comptabilité;;;6 rue Juliette Récamier, 75007 Paris;forfait adaptation;16/1-29/9;Jisoo YOO;Je(u);30/01/2024;7931;20/02/2024;20/02/2024;28/02/2024;;fondation-edf-compta@edf.fr;MANGIN Coline - externe <coline-externe.mangin@edf.fr>;
;800;0%;FONDATION GROUPE EDF - Service Comptabilité;;;6 rue Juliette Récamier, 75007 Paris;forfait de préparation de l’ordinateur par l’équipe informatique du Fresnoy ;16/1-29/9;Jisoo YOO;Je(u);30/01/2024;7932;20/02/2024;20/02/2024;28/02/2024;;fondation-edf-compta@edf.fr;MANGIN Coline - externe <coline-externe.mangin@edf.fr>;
;500;100%;ISELP;;BE 0407 918 751;31 bd de Waterloo, 10000 Bruxelles;forfait montage/démontage;24/1-23/3;Lucas LEFFLER;Analog Collapse;19/12/2023;7903;20/02/2024;20/02/2024;23/02/2024;;Catherine  Henkinet <c.henkinet@iselp.be>;;
;550;100%;ISELP;;BE 0407 918 751;31 bd de Waterloo, 10000 Bruxelles;ddiff;24/1-23/3;Lucas LEFFLER;Analog Collapse;19/12/2023;7903;20/02/2024;20/02/2024;23/02/2024;;Catherine  Henkinet <c.henkinet@iselp.be>;;
;30;100%;Mairie du Vigan;;;Place Quatrefages de Laroquète, 30120 LE VIGAN;ddiff;07/03/2024;Randa Maroufi ;La Grande Safae;07/03/2024;7998;22/03/2024;22/03/2024;30/03/2024;;elsa.lewin@levigan.fr;;
;75;50%;IMAGINE SCIENCE FILMS;;;19 Morris Ave, New Lab Building 128, Brooklyn, NY, 11205 United States;ddiff;janvier;Léa Collet;Digitalis I;04/01/2024;7847;23/01/2023;23/01/2023;25/01/2024;;ringo@labocine.com;;
;75;50%;IMAGINE SCIENCE FILMS;;;19 Morris Ave, New Lab Building 128, Brooklyn, NY, 11205 United States;ddiff;janvier;Agata Wieczorek;Growing;04/01/2024;7847;23/01/2023;23/01/2023;25/01/2024;;ringo@labocine.com;;
;75;50%;IMAGINE SCIENCE FILMS;;;19 Morris Ave, New Lab Building 128, Brooklyn, NY, 11205 United States;ddiff;janvier;Said Afifi;Etymology;04/01/2024;7847;23/01/2023;23/01/2023;25/01/2024;;ringo@labocine.com;;
;75;50%;IMAGINE SCIENCE FILMS;;;19 Morris Ave, New Lab Building 128, Brooklyn, NY, 11205 United States;ddiff;janvier;Moise Togo;75000$;04/01/2024;7847;23/01/2023;23/01/2023;25/01/2024;;ringo@labocine.com;;
;75;50%;IMAGINE SCIENCE FILMS;;;19 Morris Ave, New Lab Building 128, Brooklyn, NY, 11205 United States;ddiff;janvier;Sarah-Anais DESBENOIT;Phalène;04/01/2024;7847;23/01/2023;23/01/2023;25/01/2024;;ringo@labocine.com;;
;2686.87;0%;MUBI, Inc.;;;215 Park Avenue South FL 12, Suite #12, New York, NY 10003, United States;Q4 (royalties 2023);;;;;7900;20/02/2024;20/02/2024;;;finance@mubi.com;;
;271.2;50%;MUBI, Inc.;USA;;215 Park Avenue South FL 12, Suite #12, New York, NY 10003, United States;Q4 (royalties 2023);;Meryll Hardt ;Une vie radieuse ;06/02/2024;7900;20/02/2024;20/02/2024;26/02/2024;;finance@mubi.com;;
;52.03;50%;MUBI, Inc.;USA;;215 Park Avenue South FL 12, Suite #12, New York, NY 10003, United States;Q4 (royalties 2023);;Mickael Kummer;Aditi Singh;06/02/2024;7900;20/02/2024;20/02/2024;26/02/2024;;finance@mubi.com;;
;18.56;50%;MUBI, Inc.;USA;;215 Park Avenue South FL 12, Suite #12, New York, NY 10003, United States;Q4 (royalties 2023);;Zhi Wei Jow;Au-delà de l'hiver ;06/02/2024;7900;20/02/2024;20/02/2024;26/02/2024;;finance@mubi.com;;
;802.91;50%;MUBI, Inc.;USA;;215 Park Avenue South FL 12, Suite #12, New York, NY 10003, United States;Q4 (royalties 2023);;Mati Diop ;Atlantiques ;06/02/2024;7900;20/02/2024;20/02/2024;26/02/2024;;finance@mubi.com;;
;29.68;50%;MUBI, Inc.;USA;;215 Park Avenue South FL 12, Suite #12, New York, NY 10003, United States;Q4 (royalties 2023);;Ico Costa ;Quatro horas descalço;06/02/2024;7900;20/02/2024;20/02/2024;26/02/2024;;finance@mubi.com;;
;4.31;50%;MUBI, Inc.;USA;;215 Park Avenue South FL 12, Suite #12, New York, NY 10003, United States;Q4 (royalties 2023);;Jean-Christophe Couet ;Les Déplacements internes ;06/02/2024;7900;20/02/2024;20/02/2024;26/02/2024;;finance@mubi.com;;
;45.73;50%;MUBI, Inc.;USA;;215 Park Avenue South FL 12, Suite #12, New York, NY 10003, United States;Q4 (royalties 2023);;Isabel Pagliai;Isabella Morra;06/02/2024;7900;20/02/2024;20/02/2024;26/02/2024;;finance@mubi.com;;
;11.22;50%;MUBI, Inc.;USA;;215 Park Avenue South FL 12, Suite #12, New York, NY 10003, United States;Q4 (royalties 2023);;Alice Colomer-Kang;J.M Mondésir ;06/02/2024;7900;20/02/2024;20/02/2024;26/02/2024;;finance@mubi.com;;
;32.96;50%;MUBI, Inc.;USA;;215 Park Avenue South FL 12, Suite #12, New York, NY 10003, United States;Q4 (royalties 2023);;Dania Reymond ;Jeanne ;06/02/2024;7900;20/02/2024;20/02/2024;26/02/2024;;finance@mubi.com;;
;64.15;50%;MUBI, Inc.;USA;;215 Park Avenue South FL 12, Suite #12, New York, NY 10003, United States;Q4 (royalties 2023);;Pierre Mazingarbe ;Le roi des belges ;06/02/2024;7900;20/02/2024;20/02/2024;26/02/2024;;finance@mubi.com;;
;12.74;50%;MUBI, Inc.;USA;;215 Park Avenue South FL 12, Suite #12, New York, NY 10003, United States;Q4 (royalties 2023);;Hu Wei ;Le propriétaire ;06/02/2024;7900;20/02/2024;20/02/2024;26/02/2024;;finance@mubi.com;;
;166.33;50%;MUBI, Inc.;USA;;215 Park Avenue South FL 12, Suite #12, New York, NY 10003, United States;Q4 (royalties 2023);;Luc Moullet;Toujours moins ;06/02/2024;7900;20/02/2024;20/02/2024;26/02/2024;;finance@mubi.com;;
;15.18;50%;MUBI, Inc.;USA;;215 Park Avenue South FL 12, Suite #12, New York, NY 10003, United States;Q4 (royalties 2023);;Louis Henderson ;Logical revolts;06/02/2024;7900;20/02/2024;20/02/2024;26/02/2024;;finance@mubi.com;;
;92.36;50%;MUBI, Inc.;USA;;215 Park Avenue South FL 12, Suite #12, New York, NY 10003, United States;Q4 (royalties 2023);;Tessa Joosse ;Plastic and Glass ;06/02/2024;7900;20/02/2024;20/02/2024;26/02/2024;;finance@mubi.com;;
;118.74;50%;MUBI, Inc.;USA;;215 Park Avenue South FL 12, Suite #12, New York, NY 10003, United States;Q4 (royalties 2023);;Isabella Prim ;La rouge et la noire ;06/02/2024;7900;20/02/2024;20/02/2024;26/02/2024;;finance@mubi.com;;
;58.61;50%;MUBI, Inc.;USA;;215 Park Avenue South FL 12, Suite #12, New York, NY 10003, United States;Q4 (royalties 2023);;Tatiana Fuentes Sadowski ;La huella ;06/02/2024;7900;20/02/2024;20/02/2024;26/02/2024;;finance@mubi.com;;
;152.37;50%;MUBI, Inc.;USA;;215 Park Avenue South FL 12, Suite #12, New York, NY 10003, United States;Q4 (royalties 2023);;Anna Marziano ;De la mutabilité de toute chose et de la possibilité d'en changer certaines ;06/02/2024;7900;20/02/2024;20/02/2024;26/02/2024;;finance@mubi.com;;
;98.1;50%;MUBI, Inc.;USA;;215 Park Avenue South FL 12, Suite #12, New York, NY 10003, United States;Q4 (royalties 2023);;Randa Maroufi ;Le Park ;06/02/2024;7900;20/02/2024;20/02/2024;26/02/2024;;finance@mubi.com;;
;370.55;50%;MUBI, Inc.;USA;;215 Park Avenue South FL 12, Suite #12, New York, NY 10003, United States;Q4 (royalties 2023);;Tsai Ming-liang;Tian qiao bu jian le ;06/02/2024;7900;20/02/2024;20/02/2024;26/02/2024;;finance@mubi.com;;
;96.4;50%;MUBI, Inc.;USA;;215 Park Avenue South FL 12, Suite #12, New York, NY 10003, United States;Q4 (royalties 2023);;Alexandru Petru Bădeliţă;Voyager sur une jambe ;06/02/2024;7900;20/02/2024;20/02/2024;26/02/2024;;finance@mubi.com;;
;18.74;50%;MUBI, Inc.;USA;;215 Park Avenue South FL 12, Suite #12, New York, NY 10003, United States;Q4 (royalties 2023);;Mihai Grecu ;Unlith ;06/02/2024;7900;20/02/2024;20/02/2024;26/02/2024;;finance@mubi.com;;
;30.48;50%;MUBI, Inc.;USA;;215 Park Avenue South FL 12, Suite #12, New York, NY 10003, United States;Q4 (royalties 2023);;Clément Cogitore ;Visités ;06/02/2024;7900;20/02/2024;20/02/2024;26/02/2024;;finance@mubi.com;;
;76.16;50%;MUBI, Inc.;USA;;215 Park Avenue South FL 12, Suite #12, New York, NY 10003, United States;Q4 (royalties 2023);;Ivan Castineiras-Gallego ;Où est la jungle ? ;06/02/2024;7900;20/02/2024;20/02/2024;26/02/2024;;finance@mubi.com;;
;47.22;50%;MUBI, Inc.;USA;;215 Park Avenue South FL 12, Suite #12, New York, NY 10003, United States;Q4 (royalties 2023);;Eduardo Williams ;Que je tombe tout le temps ? ;06/02/2024;7900;20/02/2024;20/02/2024;26/02/2024;;finance@mubi.com;;
400;440;50%;Fipadoc;;;14 rue Alexandre Parodi, 75010 Paris;ddiff;16/07/1905;Elina KASTLER;Achewiq, le chant des femmes-courage, min;14/11/2023;7836;23/01/2023;23/01/2023;16/03/2024;;administration@fipadoc.com;;
400;440;50%;Fipadoc;;;14 rue Alexandre Parodi, 75010 Paris;ddiff;16/07/1905;Joachim MICHAUX;Sur tes cendres, 34min;14/11/2023;7836;23/01/2023;23/01/2023;16/03/2024;;administration@fipadoc.com;;
;50;100;Cinéma Méliès ;;;12 Place Jean Jaurès, 93100 Montreuil;ddiff;16/12/2024;Aliha THALIEN;Nos îles;22/12/2023;7837;23/01/2023;23/01/2023;27/02/2024;;chorus pro @comptabilité;;
;87,2;50%;Barbican Centre;;;Silk St, London EC2Y 8DS;ddiff;30/01/2024;Mati Diop;Atlantiques ;14/12/2024;7845;23/01/2023;23/01/2023;26/03/2024;75$;Matthew Barrington <Matthew.Barrington@barbican.org.uk>;;
